1001,name,mailid@hcl.com

1001,name,mailid@gmail.com
1002,name,mailid@gmail.com
1003,name,mailid@gmail.com

1001,name,mailid@yr.rtr

1001,name,mailid@uyfgu.yiuo

1001,name,mailid@urit.uiui

1001,name,mailid@hfjh.ty

1001,name,mailid@jdfhj.dsg

1001,name,mailid@udyu.uirtyurehtgj

1002,name,mailid@yghg.dkfgj

1003,name,mailid@jfhg

1004,name,mailid@hgdf.jfgh

1005,name,mailid@fjg.dg

1006,name,mailid@ghg.gh

1007,name,mailid@hgd.dgfdg

1008,name,mailid@dfh.sdfdf

1009,name,mailid@hgdf.fg

1010,name,mailid@hdgh.saf

1011,name,mailid@hcg.fdh

1012,name,mailid@jhdf.jdfh

1013,name,mailid@shgf.fg

1014,name,mailid@mubi.com

1015,name,mailid@jhjh.jkj

1016,name,mail@jjj.klm

1017,name,mailid@hdm.com

1018,name,mailid@hhh.ggg

1019,name,mailid@ry.oyiuo

